article_id,topic,source_name,author,title,description,url,published_at,content,fetched_at,published_date,published_hour,title_word_count,description_word_count,sentiment
https://www.dailysignal.com/2026/03/26/david-sacks-out-as-ai-and-crypto-czar-takes-on-new-role/,artificial intelligence,Daily Signal,Elizabeth Troutman Mitchell,David Sacks Out as AI and Crypto Czar,"David Sacks will no longer serve as artificial intelligence and crypto czar in the White House Office of Science and Technology Policy, an administration official... Read More
The post David Sacks Out as AI and Crypto Czar appeared first on The Daily Signal.",https://www.dailysignal.com/2026/03/26/david-sacks-out-as-ai-and-crypto-czar-takes-on-new-role/,2026-03-26 21:45:00+00:00,"David Sacks will no longer serve as artificial intelligence and crypto czar in the White House Office of Science and Technology Policy, an administration official confirmed to The Daily Signal. 
As … [+1074 chars]",2026-03-28T01:47:59.300515,2026-03-26,21,8,43,neutral
https://financialpost.com/uncategorized/news-of-the-day-bank-of-canada-cottage-country-cra-disagreements-bmos-u-s-business-duty-free-troubles-and-more,artificial intelligence,Financial Post,Financial Post Staff,"News of the day: Bank of Canada, cottage country, CRA disagreements, BMO’s U.S. business, duty free troubles and more","It’s Thursday, March 26. Here are the top stories we’re following today.",https://financialpost.com/uncategorized/news-of-the-day-bank-of-canada-cottage-country-cra-disagreements-bmos-u-s-business-duty-free-troubles-and-more,2026-03-26 21:30:34+00:00,"Its Thursday, March 26. Here are the top stories were following today.
THIS CONTENT IS RESERVED FOR SUBSCRIBERS ONLY
Subscribe now to read the latest news in your city and across Canada.
<ul><li>E… [+3995 chars]",2026-03-28T01:47:59.300515,2026-03-26,21,19,12,neutral
https://www.cnet.com/tech/services-and-software/wikipedia-bans-ai-generated-content-in-new-policy-change-with-only-two-exceptions/,artificial intelligence,Cnet,Dashia Milden,"Wikipedia Bans AI-Generated Content, With Only Two Exceptions","Very basic edits, such as fixing typos or adjusting formatting, as well as certain full-article language translations, are permitted under the rule.",https://www.cnet.com/tech/services-and-software/wikipedia-bans-ai-generated-content-in-new-policy-change-with-only-two-exceptions/,2026-03-26 21:28:10+00:00,"For 25 years, Wikipedia has been an open-source online encyclopedia where anyone can contribute knowledge, so long as it's grounded in reliable, verifiable sources. But as artificial intelligence too… [+2709 chars]",2026-03-28T01:47:59.300515,2026-03-26,21,8,22,neutral
https://www.forrester.com/blogs/understand-the-martech-ecosystem-to-optimize-investment-planning/,artificial intelligence,Forrester.Com,Joe Stanhope,Understand The Martech Ecosystem To Optimize Investment Planning,Explore the Forrester Tech Tide™ for B2C marketing technology and understand martech category maturity and investment priorities.,https://www.forrester.com/blogs/understand-the-martech-ecosystem-to-optimize-investment-planning/,2026-03-26 21:20:41+00:00,"Im pleased to announce that The Forrester Tech Tide: B2C Marketing Technology, Q1 2026 just published. Forrester is known for its detailed coverage of marketing technology at the market level and the… [+2225 chars]",2026-03-28T01:47:59.300515,2026-03-26,21,8,17,neutral
https://www.abajournal.com/news/article/tech-stack-how-to-evaluate-compare-and-choose-the-right-tools,artificial intelligence,Abajournal.Com,Shirley Henderson,What lawyers should keep in mind when choosing the right technology tools for their practices,Selecting the right software tools and supporting existing frameworks are essential elements to building a modern law practice. At a panel discussion at ABA Techshow…,https://www.abajournal.com/news/article/tech-stack-how-to-evaluate-compare-and-choose-the-right-tools,2026-03-26 21:20:00+00:00,"<ol><li>Home</li><li>Daily News</li><li>What lawyers should keep in mind when choosing…</li></ol>By Shirley Henderson
March 26, 2026, 4:20 pm CDT
Jim Calloway (left) and Chris Fortier speak at an A… [+3151 chars]",2026-03-28T01:47:59.300515,2026-03-26,21,15,25,neutral
https://financialpost.com/globe-newswire/lassonde-industries-inc-announces-its-q4-and-fiscal-2025-results,artificial intelligence,Financial Post,GlobeNewswire,Lassonde Industries Inc. announces its Q4 and fiscal 2025 results,"ROUGEMONT, Quebec, March 26, 2026 (GLOBE NEWSWIRE) — Lassonde Industries Inc. (TSX: LAS.A) (“Lassonde” or the “Corporation”) today announced its financial results for its fourth quarter and year ended December 31, 2025. Financial Highlights:   Fourth quarters…",https://financialpost.com/globe-newswire/lassonde-industries-inc-announces-its-q4-and-fiscal-2025-results,2026-03-26 21:16:51+00:00,"In this document, forward-looking statements include, but are not limited to, those set forth in the above Outlook section, which also presents some (but not all) of the key assumptions used in deter… [+7158 chars]",2026-03-28T01:47:59.300515,2026-03-26,21,10,36,neutral
https://decrypt.co/362525/first-sora-now-sexy-chat-openai-cancels-erotic-chatgpt-mode,artificial intelligence,Decrypt,Jason Nelson,"First Sora, Now Sexy Chat? OpenAI Cancels Erotic ChatGPT Mode","The reported decision follows earlier promises to introduce adult content features in ChatGPT, and comes amid debate over AI intimacy.",https://decrypt.co/362525/first-sora-now-sexy-chat-openai-cancels-erotic-chatgpt-mode,2026-03-26 21:15:20+00:00,"In brief
<ul><li>OpenAI has reportedly halted plans to release an adult mode in ChatGPT.</li><li>The move follows earlier promises to allow verified adults access to more content features.</li><li>T… [+2576 chars]",2026-03-28T01:47:59.300515,2026-03-26,21,10,20,neutral
https://www.pcworld.com/article/3100167/netflix-is-making-us-pay-more-again.html,artificial intelligence,Pcworld,Ben Patterson,"Netflix is making us pay more, again","Ever feel like you’re not paying enough for Netflix? No? Well, Netflix thinks you’re not paying enough for Netflix, and it’s raising prices accordingly.




Starting now, new subscribers will pay a whopping $26.99 for Netflix’s premium 4K plan, a $2-a-month …",https://www.pcworld.com/article/3100167/netflix-is-making-us-pay-more-again.html,2026-03-26 21:15:18+00:00,"Skip to contentType your search and hit enter
When you purchase through links in our articles, we may earn a small commission. This doesn't affect our editorial independence
.
Ever feel like you’r… [+2018 chars]",2026-03-28T01:47:59.300515,2026-03-26,21,7,41,neutral
https://siliconangle.com/2026/03/26/defense-startup-shield-ai-raises-2b-acquires-flight-simulation-company-aechelon/,artificial intelligence,Siliconangle News,Maria Deutscher,"Defense startup Shield AI raises $2B, acquires flight simulation company Aechelon","Shield AI Inc. today announced that it’s raising a $2 billion funding round at a post-money valuation of $12.7 billion. Three quarters of the capital will be provided through a Series G round led by Advent International, a large private equity firm. The remai…",https://siliconangle.com/2026/03/26/defense-startup-shield-ai-raises-2b-acquires-flight-simulation-company-aechelon/,2026-03-26 21:15:16+00:00,"Shield AI Inc. today announced that its raising a $2 billion funding round at a post-money valuation of $12.7 billion.
Three quarters of the capital will be provided through a Series G round led by … [+4288 chars]",2026-03-28T01:47:59.300515,2026-03-26,21,11,44,neutral
https://www.globenewswire.com/news-release/2026/03/26/3263472/0/en/Lassonde-Industries-Inc-announces-its-Q4-and-fiscal-2025-results.html,artificial intelligence,Globenewswire,Lassonde Industries Inc,Lassonde Industries Inc. announces its Q4 and fiscal 2025 results,"ROUGEMONT, Quebec, March 26, 2026 (GLOBE NEWSWIRE) -- Lassonde Industries Inc. (TSX: LAS.A) (“Lassonde” or the “Corporation”) today announced its financial results for its fourth quarter and year ended December 31, 2025.",https://www.globenewswire.com/news-release/2026/03/26/3263472/0/en/Lassonde-Industries-Inc-announces-its-Q4-and-fiscal-2025-results.html,2026-03-26 21:13:00+00:00,"ROUGEMONT, Quebec, March 26, 2026 (GLOBE NEWSWIRE) -- Lassonde Industries Inc. (TSX: LAS.A) (Lassonde or the Corporation) today announced its financial results for its fourth quarter and year ended D… [+38898 chars]",2026-03-28T01:47:59.300515,2026-03-26,21,10,32,neutral
https://www.cbsnews.com/video/new-research-shows-which-jobs-regions-most-at-risk-from-ai/,artificial intelligence,Cbs News,CBS News,"New research shows which jobs, regions most at risk from AI","New research from the Society of Human Resource Management shows which regions and jobs are most at risk from artificial intelligence. Johnny Taylor, president and CEO of SHRM, joins CBS News to discuss the findings.",https://www.cbsnews.com/video/new-research-shows-which-jobs-regions-most-at-risk-from-ai/,2026-03-26 21:00:00+00:00,Copyright ©2026 CBS Interactive Inc. All rights reserved.,2026-03-28T01:47:59.300515,2026-03-26,21,11,35,negative
https://onefootball.com/en/news/mbappe-scores-a-stunner-brazil-are-losing-what-should-ancelotti-change-42620775,artificial intelligence,Onefootball.Com,OneFootball," Mbappé scores a screamer, what should Ancelotti change?","Even with the Brazilian fans in the majority at Gillette Stadium, in Foxborough, Massachusetts, USA, Brazil is losing the friendly against France 1-0.The Seleção started by marking the current world...",https://onefootball.com/en/news/mbappe-scores-a-stunner-brazil-are-losing-what-should-ancelotti-change-42620775,2026-03-26 20:53:00+00:00,"Even with the Brazilian fans in the majority at Gillette Stadium, in Foxborough, Massachusetts, USA, Brazil is losing the friendly against France 1-0.
The Seleção started by marking the current worl… [+1241 chars]",2026-03-28T01:47:59.300515,2026-03-26,20,8,30,neutral
https://news.mit.edu/2026/seeing-sounds-mariano-salcedo-0326,artificial intelligence,Mit.Edu,"Benjamin Daniel | School of Humanities, Arts, and Social Sciences",Seeing sounds,"Mariano Salcedo, a master’s student in the new Music Technology and Computation Graduate Program, is designing an AI to visualize and express music and other sounds.",https://news.mit.edu/2026/seeing-sounds-mariano-salcedo-0326,2026-03-26 20:45:00+00:00,"Growing up in Mexico and Texas, Mariano Salcedo 25 couldnt readily indulge his passion for creating music. There are no bands in Mexican public schools, he says. While some families could pay for ins… [+8713 chars]",2026-03-28T01:47:59.300515,2026-03-26,20,2,26,neutral
https://onefootball.com/en/news/it-may-be-his-last-world-cup-superstar-near-qualifying-exit-42620740,artificial intelligence,Onefootball.Com,OneFootball, It may be his last World Cup: superstar near qualifying exit,"A FIFA World Cup would be only half as interesting without the biggest stars. Even so, every four years quite a few top players miss out on the World Cup finals. Could that include one of today’s st...",https://onefootball.com/en/news/it-may-be-his-last-world-cup-superstar-near-qualifying-exit-42620740,2026-03-26 20:41:00+00:00,"A FIFA World Cup would be only half as interesting without the biggest stars. Even so, every four years quite a few top players miss out on the World Cup finals. Could that include one of todays star… [+503 chars]",2026-03-28T01:47:59.300515,2026-03-26,20,11,38,neutral
https://www.pymnts.com/personnel/2026/coca-cola-ceo-says-he-stepped-down-due-to-demands-of-ai-transformation/,artificial intelligence,Pymnts.Com,PYMNTS,Coca-Cola CEO Says He Stepped Down Due to Demands of AI Transformation,"The upcoming changes driven by artificial intelligence (AI) played a role in the decision of Coca-Cola CEO James Quincey to step down from his role, Quincey told CNBC’s “Squawk Box” Thursday (March 26). “My job is also to think who’s the best team to put on t…",https://www.pymnts.com/personnel/2026/coca-cola-ceo-says-he-stepped-down-due-to-demands-of-ai-transformation/,2026-03-26 20:38:52+00:00,"The upcoming changes driven by artificial intelligence (AI) played a role in the decision of Coca-Cola CEO James Quincey to step down from his role, Quincey told CNBCs Squawk Box Thursday (March 26).… [+2091 chars]",2026-03-28T01:47:59.300515,2026-03-26,20,12,47,neutral
https://quantuminstitute.yale.edu/news/pioneer-interactive-cinema-and-technologist-toni-dove-joins-yqi-artist-residence-20262027,artificial intelligence,Yale.Edu,news@yale.edu (Yale News),Yale Quantum Institute names artist in residence for 2026-2027,"Since 2017, the Yale Quantum Institute (YQI) Artist-in-Residence (AiR) program has welcomed artists for year-long residencies in our laboratories. During their time with us, these artists create",https://quantuminstitute.yale.edu/news/pioneer-interactive-cinema-and-technologist-toni-dove-joins-yqi-artist-residence-20262027,2026-03-26 20:36:43+00:00,"Since 2017, the Yale Quantum Institute (YQI) Artist-in-Residence (AiR) program has welcomed artists for year-long residencies in our laboratories. During their time with us, these artists create coll… [+2394 chars]",2026-03-28T01:47:59.300515,2026-03-26,20,9,27,neutral
https://gizmodo.com/attorney-hit-with-historic-fine-for-citing-ai-generated-cases-2000738651,artificial intelligence,Gizmodo.Com,Matt Novak,Attorney Hit With Historic Fine for Citing AI-Generated Cases,Don't bother asking AI if the cases are real.,https://gizmodo.com/attorney-hit-with-historic-fine-for-citing-ai-generated-cases-2000738651,2026-03-26 20:20:30+00:00,"A court in Oregon has issued a fine of $10,000 to an attorney who submitted a legal brief with citations and quotes hallucinated by AI, according to a new report from the Oregonian. It’s the highest … [+2411 chars]",2026-03-28T01:47:59.300515,2026-03-26,20,9,9,neutral
https://onefootball.com/en/news/then-hes-lost-the-plot-mueller-jokes-about-emergency-world-cup-comeback-42620645,artificial intelligence,Onefootball.Com,OneFootball,Then he's lost the plot: Müller jokes about emergency World Cup comeback,"At the upcoming World Cup in the USA, Mexico and Canada, Thomas Müller will be involved for the first time not as an active player, but as a TV pundit for Magenta.In the new episode of ""Bestbesetzung...",https://onefootball.com/en/news/then-hes-lost-the-plot-mueller-jokes-about-emergency-world-cup-comeback-42620645,2026-03-26 20:20:00+00:00,"At the upcoming World Cup in the USA, Mexico and Canada, Thomas Müller will be involved for the first time not as an active player, but as a TV pundit for Magenta.
In the new episode of ""Bestbesetzu… [+1694 chars]",2026-03-28T01:47:59.300515,2026-03-26,20,12,37,neutral
https://news.mit.edu/2026/mit-engineers-design-proteins-their-motion-not-just-their-shape-0310,artificial intelligence,Mit.Edu,Stephanie Martinovich | Department of Civil and Environmental Engineering,"MIT engineers design proteins by their motion, not just their shape","VibeGen is a new generative AI model that designs proteins with dynamic vibration and movement. The model, developed at MIT, opens new possibilities for dynamic biomaterials and adaptive therapeutics.",https://news.mit.edu/2026/mit-engineers-design-proteins-their-motion-not-just-their-shape-0310,2026-03-26 20:20:00+00:00,"Proteins are far more than nutrients we track on a food label. Present in every cell of our bodies, they work like natures molecular machines. They walk, stretch, bend, and flex to do their jobs, pum… [+7937 chars]",2026-03-28T01:47:59.300515,2026-03-26,20,11,29,neutral
https://news.mit.edu/2026/mit-engineers-design-proteins-by-motion-not-just-shape-0326,artificial intelligence,Mit.Edu,Stephanie Martinovich | Department of Civil and Environmental Engineering,"MIT engineers design proteins by their motion, not just their shape","VibeGen is a new generative AI model that designs proteins with dynamic vibration and movement. The model, developed at MIT, opens new possibilities for dynamic biomaterials and adaptive therapeutics.",https://news.mit.edu/2026/mit-engineers-design-proteins-by-motion-not-just-shape-0326,2026-03-26 20:20:00+00:00,"Proteins are far more than nutrients we track on a food label. Present in every cell of our bodies, they work like natures molecular machines. They walk, stretch, bend, and flex to do their jobs, pum… [+7937 chars]",2026-03-28T01:47:59.300515,2026-03-26,20,11,29,neutral
https://financialpost.com/pmn/business-wire-news-releases-pmn/backblazes-laquie-t-n-campbell-to-moderate-smpte-panel-on-the-future-of-live-sports-systems-at-nab-show-2026,data engineering,Financial Post,Business Wire,Backblaze’s Laquie T.N. Campbell to Moderate SMPTE Panel on the Future of Live Sports Systems at NAB Show 2026,"The panel will focus on how modern sports workflows are being designed from build to broadcast to fan experience. SAN MATEO, Calif. — Backblaze, Inc. (Nasdaq: BLZE), the high-performance cloud storage platform for the AI era, today announced that Laquie T.N. …",https://financialpost.com/pmn/business-wire-news-releases-pmn/backblazes-laquie-t-n-campbell-to-moderate-smpte-panel-on-the-future-of-live-sports-systems-at-nab-show-2026,2026-03-26 21:21:23+00:00,"The panel will focus on how modern sports workflows are being designed from build to broadcast to fan experience.
THIS CONTENT IS RESERVED FOR SUBSCRIBERS ONLY
Subscribe now to read the latest news… [+5285 chars]",2026-03-28T01:47:59.562759,2026-03-26,21,19,42,neutral
https://pypi.org/project/petro-mcp/0.5.0/,data engineering,Pypi.Org,info@petropt.com,petro-mcp 0.5.0,MCP server exposing petroleum engineering data and tools to LLMs,https://pypi.org/project/petro-mcp/0.5.0/,2026-03-26 21:04:48+00:00,"A required part of this site couldnt load. This may be due to a browser
 extension, network issues, or browser settings. Please check your
 connection, disable any ad blockers, or try using a diffe… [+12 chars]",2026-03-28T01:47:59.562759,2026-03-26,21,2,10,neutral
https://www.globenewswire.com/news-release/2026/03/26/3263460/0/en/Nortech-Systems-Reports-Fourth-Quarter-Results.html,data engineering,Globenewswire,Nortech Systems Incorporated,Nortech Systems Reports Fourth Quarter Results,"MINNEAPOLIS, March 26, 2026 (GLOBE NEWSWIRE) -- Nortech Systems Incorporated (Nasdaq: NSYS) (“Nortech” or the “Company”), a leading provider of engineering and manufacturing solutions for complex electromedical and electromechanical products serving the medic…",https://www.globenewswire.com/news-release/2026/03/26/3263460/0/en/Nortech-Systems-Reports-Fourth-Quarter-Results.html,2026-03-26 21:02:00+00:00,"MINNEAPOLIS, March 26, 2026 (GLOBE NEWSWIRE) -- Nortech Systems Incorporated (Nasdaq: NSYS) (Nortech or the Company), a leading provider of engineering and manufacturing solutions for complex electro… [+35176 chars]",2026-03-28T01:47:59.562759,2026-03-26,21,6,33,neutral
https://retractionwatch.com/2026/03/26/ariel-fernandez-chemist-rice-ori-hhs-alj-debarment/,data engineering,Retractionwatch.Com,Alicia Gallegos,Judge upholds 15-year debarment against scientist who once threatened to sue Retraction Watch,"An appeals judge has recommended the U.S. Health and Human Services uphold a proposed 15-year debarment for a scientist accused of research misconduct more than a decade ago.  In a May 2025 decision, administrative law judge (ALJ) Margaret G. Brakebusch concl…",https://retractionwatch.com/2026/03/26/ariel-fernandez-chemist-rice-ori-hhs-alj-debarment/,2026-03-26 20:52:18+00:00,"iStock
An appeals judge has recommended the U.S. Health and Human Services uphold a proposed 15-year debarment for a scientist accused of research misconduct more than a decade ago. 
In a May 2025 … [+15820 chars]",2026-03-28T01:47:59.562759,2026-03-26,20,13,41,negative
https://www.foxsports.com/stories/nascar/joe-gibbs-racing-chris-gabehart-lawsuit-nascar,data engineering,Fox Sports,,From Private Investigator to Computer Forensic Experts: Inside JGR-Gabehart Dispute,Here's what's happening in the lawsuit involving former Joe Gibbs Racing employee Chris Gabehart and his new employer Spire.,https://www.foxsports.com/stories/nascar/joe-gibbs-racing-chris-gabehart-lawsuit-nascar,2026-03-26 20:51:26+00:00,"Charles R. Jonas Federal Building (Charlotte, N.C.) Among the few things that Joe Gibbs Racing, Spire Motorsports and Chris Gabehart likely can agree to in their contentious litigation, is this state… [+8953 chars]",2026-03-28T01:47:59.562759,2026-03-26,20,10,19,neutral
https://www.saastr.com/20vc-x-saastr-this-week-anthropic-is-eating-openais-enterprise-lunch-figmas-real-problem-isnt-stitch-and-the-unicorn-math-nobody-wants-to-talk-about/,data engineering,Saastr.Com,Jason Lemkin,"20VC x SaaStr This Week: Anthropic Is Eating OpenAI’s Enterprise Lunch, Figma’s Real Problem Isn’t Stitch, and the Unicorn Math Nobody Wants to Talk About","With Harry Stebbings, Jason Lemkin, and Rory O’Driscoll We’re back! Ramp data put a number on what OpenAI has been avoiding: 73% of new enterprise AI spending is going to Anthropic. Ten weeks ago it was 50-50. That shift — plus a Figma stock rout, a $100B Bez…",https://www.saastr.com/20vc-x-saastr-this-week-anthropic-is-eating-openais-enterprise-lunch-figmas-real-problem-isnt-stitch-and-the-unicorn-math-nobody-wants-to-talk-about/,2026-03-26 20:46:09+00:00,"With Harry Stebbings, Jason Lemkin, and Rory O’Driscoll
We’re back!
Ramp data put a number on what OpenAI has been avoiding: 73% of new enterprise AI spending is going to Anthropic. Ten weeks ago i… [+12139 chars]",2026-03-28T01:47:59.562759,2026-03-26,20,25,48,negative
https://github.com/safedep/pmg,data engineering,Github.Com,Sahil121,"Show HN: NPM install is a security hole, so we built a guard for it",`npm install` is more trusted than it should be.PMG is a guard in front of your package manager that intercepts installs and blocks malicious dependencies before they land on your system.It also consists of an sandbox layer which protects you from unknown mal…,https://github.com/safedep/pmg,2026-03-26 20:24:51+00:00,"AI coding agents install packages you didn't choose. Claude Code, Cursor, Copilot, Windsurf all run npm install and pip install autonomously, and you have no idea what they just put on your machine.… [+4233 chars]",2026-03-28T01:47:59.562759,2026-03-26,20,15,43,neutral
https://www.semrush.com/blog/universal-commerce-protocol/,data engineering,Semrush.Com,"Tushar Pol, Cecilia Meis",Universal Commerce Protocol (UCP): What You Need to Know,"Google’s Universal Commerce Protocol (UCP) was updated in March 2026. Learn what UCP is, what changed, and how to prepare your business.",https://www.semrush.com/blog/universal-commerce-protocol/,2026-03-26 19:58:00+00:00,"Google dropped a major update to the Universal Commerce Protocol (UCP) in March 2026. 
UCP is an open standard that helps AI agents communicate with ecommerce stores to complete purchases on users b… [+16724 chars]",2026-03-28T01:47:59.562759,2026-03-26,19,9,22,neutral
https://www.autoweek.com/news/a70858103/slate-truck-on-track-for-q4-debut/,data engineering,Autoweek,Mark Vaughn,"Slate Truck Passes Slush Test, On Track for Q4 Debut","Bare-bones model still supposed to be ""mid-$20,000"" range",https://www.autoweek.com/news/a70858103/slate-truck-on-track-for-q4-debut/,2026-03-26 19:52:00+00:00,Slate is freezing its pickup bed off to make sure itll work in all weather once it debuts in showrooms late this year. The upstart affordable truck maker plans to offer the most-affordable pickup in … [+3747 chars],2026-03-28T01:47:59.562759,2026-03-26,19,10,8,neutral
https://cryptoslate.com/the-100-billion-corporate-bitcoin-surge-is-down-to-one-buyer-as-others-stop-adding/,data engineering,Cryptoslate,Oluwapelumi Adejumo,The $100 billion corporate Bitcoin surge is down to one buyer as other companies stop adding,"The corporate Bitcoin treasury boom is losing oxygen: a $100 billion public-company bet has shrunk, buying has collapsed outside Strategy (formerly MicroStrategy), and the financing model that drove the trade is starting to fail. Data from CryptoQuant show th…",https://cryptoslate.com/the-100-billion-corporate-bitcoin-surge-is-down-to-one-buyer-as-others-stop-adding/,2026-03-26 19:45:20+00:00,"The corporate Bitcoin treasury boom is losing oxygen: a $100 billion public-company bet has shrunk, buying has collapsed outside Strategy (formerly MicroStrategy), and the financing model that drove … [+8119 chars]",2026-03-28T01:47:59.562759,2026-03-26,19,16,39,positive
https://www.channelnewsasia.com/business/stressed-us-grid-forcing-data-centers-get-more-flexible-6019686,data engineering,Cna,,Stressed US grid forcing data centers to get more flexible,"NEW YORK, March 26 : The U.S. technology industry is being pushed to shrink its power use in times of high demand, amid growing public concern that Big Tech's massive electricity needs for its expansion of data centers are maxing out the country's grid.The po…",https://www.channelnewsasia.com/business/stressed-us-grid-forcing-data-centers-get-more-flexible-6019686,2026-03-26 19:40:34+00:00,"NEW YORK, March 26 : The U.S. technology industry is being pushed to shrink its power use in times of high demand, amid growing public concern that Big Tech's massive electricity needs for its expans… [+4565 chars]",2026-03-28T01:47:59.562759,2026-03-26,19,10,45,neutral
https://economictimes.indiatimes.com/news/international/us/x-layoffs-explained-which-employees-are-affected-by-x-job-cuts-and-why-were-they-fired-heres-what-is-x-money-and-why-it-matters/articleshow/129833158.cms,data engineering,The Times Of India,Gandharv Walia,"X layoffs explained: Which employees are affected by X job cuts, and why were they fired? Here's what is X Money and why it matters","X layoffs explained details how X cut more than 20 nontechnical roles and removed chief marketing officer Angela Zepeda as part of a restructuring led by Elon Musk. The changes follow the merger with xAI, preparations linked to a possible SpaceX IPO, and the …",https://economictimes.indiatimes.com/news/international/us/x-layoffs-explained-which-employees-are-affected-by-x-job-cuts-and-why-were-they-fired-heres-what-is-x-money-and-why-it-matters/articleshow/129833158.cms,2026-03-26 19:12:43+00:00,"X layoffs explained remains a major business topic as the social media platform continues restructuring. Over recent weeks, the company has removed roles and shifted leadership. The changes came afte… [+6429 chars]",2026-03-28T01:47:59.562759,2026-03-26,19,25,45,neutral
https://aws.amazon.com/about-aws/whats-new/2026/03/res-2026-03-is-now-available/,data engineering,Amazon.Com,aws@amazon.com,Research and Engineering Studio on AWS 2026.03 is now available,"Today we're announcing Research and Engineering Studio (RES) on AWS 2026.03, which introduces new administrator controls, expanded filesystem support, and session management improvements. Research and Engineering Studio on AWS (RES) is an open source, easy-to…",https://aws.amazon.com/about-aws/whats-new/2026/03/res-2026-03-is-now-available/,2026-03-26 18:52:00+00:00,"Today we're announcing Research and Engineering Studio (RES) on AWS 2026.03, which introduces new administrator controls, expanded filesystem support, and session management improvements.
Research a… [+1422 chars]",2026-03-28T01:47:59.562759,2026-03-26,18,10,35,neutral
https://economictimes.indiatimes.com/opinion/et-commentary/detoxing-instagratification-with-the-california-verdict-governments-will-need-to-move-fast-against-social-media-addiction/articleshow/129832415.cms,data engineering,The Times Of India,"Subimal Bhattacharjee, Suchanda Bhattacharjee","Detoxing InstaGratification: With the California verdict, governments will need to move fast against social media addiction",A US jury found Meta and Google negligent for platform design causing mental harm. This follows a New Mexico verdict against Meta. Governments worldwide are enacting laws to protect children online. India is urged to act swiftly. New legislation aims to regul…,https://economictimes.indiatimes.com/opinion/et-commentary/detoxing-instagratification-with-the-california-verdict-governments-will-need-to-move-fast-against-social-media-addiction/articleshow/129832415.cms,2026-03-26 18:28:44+00:00,"On Wednesday, a 12-member LA jury delivered a 10-2 verdict that Silicon Valley had long dreaded. It found Meta Platforms and Alphabet's Google (YouTube) negligent in design and operation of their pla… [+5493 chars]",2026-03-28T01:47:59.562759,2026-03-26,18,16,42,neutral
https://www.cbc.ca/news/canada/calgary/tyra-trex-drumheller-report-costs-fix-maintain-9.7143347,data engineering,Cbc News,,Report finds beloved Alberta T. rex tourist draw has issues but far from extinct,"A structural checkup on Tyra the Dinosaur has determined she's retaining water, has breathing issues, a fever and wrinkles — but is otherwise far from extinct.",https://www.cbc.ca/news/canada/calgary/tyra-trex-drumheller-report-costs-fix-maintain-9.7143347,2026-03-26 18:28:23+00:00,"A structural checkup on Tyra the Dinosaur has determined she's retaining water, has breathing issues, a fever and wrinkles but is otherwise far from extinct.
The estimated medical bill for the 25-me… [+2764 chars]",2026-03-28T01:47:59.562759,2026-03-26,18,14,26,neutral
https://brandingstrategyinsider.com/how-established-fmcg-brands-can-counter-insurgent-brand-threats/,data engineering,Brandingstrategyinsider.Com,Walker Smith,How Established FMCG Brands Can Counter Insurgent Brand Threats,"Bain publishes a good analysis every year of so-called insurgent brands in the U.S. FMCG (fast-moving consumer goods) market. For the past few years, these small brands have captured a disproportionate share of annual growth. This year’s analysis reports that…",https://brandingstrategyinsider.com/how-established-fmcg-brands-can-counter-insurgent-brand-threats/,2026-03-26 18:24:18+00:00,"Bain publishes a good analysis every year of so-called insurgent brands in the U.S. FMCG (fast-moving consumer goods) market. For the past few years, these small brands have captured a disproportiona… [+7473 chars]",2026-03-28T01:47:59.562759,2026-03-26,18,9,40,neutral
https://www.businessinsider.com/jpmorgan-objectives-software-engineers-developers-boost-productivity-ai-2026-3,data engineering,Business Insider,"ralexander@insider.com (Reed Alexander,Alice Tecotzky)",Inside JPMorgan's push for AI adoption among its sprawling software engineering ranks,Internal JPMorgan documents reviewed by Business Insider spell out the goals software engineers are expected to meet using the firm's AI tools.,https://www.businessinsider.com/jpmorgan-objectives-software-engineers-developers-boost-productivity-ai-2026-3,2026-03-26 18:12:10+00:00,"JPMorgan Chase's message to its global armada of software developers is clear: embrace AI or risk falling behind.
Internal company documents seen by Business Insider and posted to JPMorgan's intrane… [+5885 chars]",2026-03-28T01:47:59.562759,2026-03-26,18,12,22,neutral
https://asymco.com/2026/03/26/people-dont-like-wearing-things-on-their-faces-and-dont-trust-those-who-do/,data engineering,Asymco.Com,Horace Dediu,People don’t like wearing things on their faces and don’t trust those who do,"Says Neal Stephenson who first coined the term “metaverse” This revelation came soon after Meta canceled the Metaverse. My thought was immediately, will Meta rename itself back to Facebook? We’ll get to that soon, but first let’s look into Neal Stephenson’s m…",https://asymco.com/2026/03/26/people-dont-like-wearing-things-on-their-faces-and-dont-trust-those-who-do/,2026-03-26 18:11:01+00:00,"Says Neal Stephenson who first coined the term metaverse
This revelation came soon after Meta canceled the Metaverse. 
My thought was immediately, will Meta rename itself back to Facebook? We’ll ge… [+5211 chars]",2026-03-28T01:47:59.562759,2026-03-26,18,14,42,neutral
https://thenextweb.com/news/xero-anthropic-claude-small-business-financial-ai,data engineering,The Next Web,Ana-Maria Stanciuc,Xero partners with Anthropic to put small business finances inside Claude,"Xero, the New Zealand-founded accounting platform used by 4.6 million subscribers worldwide, announced on Wednesday a multi-year partnership with Anthropic that will embed Claude directly into its product and, more unusually, bring Xero’s financial data into …",https://thenextweb.com/news/xero-anthropic-claude-small-business-financial-ai,2026-03-26 17:54:53+00:00,"Xero, the New Zealand-founded accounting platform used by 4.6 million subscribers worldwide, announced on Wednesday a multi-year partnership with Anthropic that will embed Claude directly into its pr… [+5503 chars]",2026-03-28T01:47:59.562759,2026-03-26,17,11,37,neutral
https://pypi.org/project/odibi/3.4.7/,data engineering,Pypi.Org,odibiengineering@gmail.com,odibi 3.4.7,"A declarative data engineering framework - Explicit over implicit, Stories over magic",https://pypi.org/project/odibi/3.4.7/,2026-03-26 17:39:09+00:00,"A required part of this site couldnt load. This may be due to a browser
 extension, network issues, or browser settings. Please check your
 connection, disable any ad blockers, or try using a diffe… [+12 chars]",2026-03-28T01:47:59.562759,2026-03-26,17,2,12,neutral
https://pypi.org/project/asnake/0.13.44/,python programming,Pypi.Org,,ASnake 0.13.44,Python optimizing compiler for the ASnake programming language.,https://pypi.org/project/asnake/0.13.44/,2026-03-26 19:28:38+00:00,"A required part of this site couldnt load. This may be due to a browser
 extension, network issues, or browser settings. Please check your
 connection, disable any ad blockers, or try using a diffe… [+12 chars]",2026-03-28T01:47:59.810545,2026-03-26,19,2,8,neutral
https://nfltr.xyz/,python programming,Nfltr.Xyz,abbiya,Show HN: I Built Ngrok Alternative(beta),"Expose local services to the internet with secure tunnels. HTTP, TCP, SSH, fleet management, agent-to-agent — single binary, zero config. Free forever.",https://nfltr.xyz/,2026-03-26 19:25:27+00:00,"Secure tunnels that connect services behind NAT and firewalls
 to public URLs. One binary. One command. Zero configuration.
$nfltr http 3000 --name myapp
Forwarding https://nfltr.xyz/browse/alice.… [+14514 chars]",2026-03-28T01:47:59.810545,2026-03-26,19,6,22,neutral
https://blog.sucuri.net/2026/03/web-shells.html,python programming,Sucuri.Net,Cesar Anjos,"Web Shells: Types, Mitigation & Removal","Web shells are malicious scripts that give attackers persistent access to compromised web servers, enabling them to execute commands and control the server remotely. These scripts exploit vulnerabilities like SQL injection, remote file inclusion (RFI), and cr…",https://blog.sucuri.net/2026/03/web-shells.html,2026-03-26 19:00:23+00:00,"Web shells are malicious scripts that give attackers persistent access to compromised web servers, enabling them to execute commands and control the server remotely. These scripts exploit vulnerabili… [+16189 chars]",2026-03-28T01:47:59.810545,2026-03-26,19,6,37,neutral
https://pypi.org/project/tickerforge-spec-data/,python programming,Pypi.Org,,tickerforge-spec-data added to PyPI,Canonical tickerforge specification (YAML/CSV) for tickerforge-py and other consumers.,https://pypi.org/project/tickerforge-spec-data/,2026-03-26 17:18:46+00:00,"TickerForge Spec
TickerForge Spec is the canonical specification and shared dataset used by TickerForge implementations across different programming languages.
The repository defines exchange metad… [+6297 chars]",2026-03-28T01:47:59.810545,2026-03-26,17,4,9,neutral
https://pypi.org/project/wypp/2.2.1/,python programming,Pypi.Org,stefan.wehr@hs-offenburg.de,wypp 2.2.1,A user-friendly python programming environment for beginners,https://pypi.org/project/wypp/2.2.1/,2026-03-26 15:34:36+00:00,"A required part of this site couldnt load. This may be due to a browser
 extension, network issues, or browser settings. Please check your
 connection, disable any ad blockers, or try using a diffe… [+12 chars]",2026-03-28T01:47:59.810545,2026-03-26,15,2,7,neutral
https://codeseum.tyku8.com/spectrum,python programming,Tyku8.Com,posiunas,Show HN: Codeseum – From Bare Metal to Pure Thought,"Article URL: https://codeseum.tyku8.com/spectrum
Comments URL: https://news.ycombinator.com/item?id=47531167
Points: 2
# Comments: 0",https://codeseum.tyku8.com/spectrum,2026-03-26 14:50:07+00:00,"Level 0  ·  The Machine
Every abstraction you've ever used was built on top of this.
At the bottom of the spectrum there are no types, no functions, no objects only registers, opcodes, and memory a… [+1779 chars]",2026-03-28T01:47:59.810545,2026-03-26,14,10,11,neutral
https://pypi.org/project/dhee/,python programming,Pypi.Org,,dhee added to PyPI,Cognition as a Service — the memory layer that makes ANY agent intelligent,https://pypi.org/project/dhee/,2026-03-26 14:14:35+00:00,"The cognition layer that turns your agent into a HyperAgent.
4 tools. 1 LLM call per session. ~$0.004 total cost.Your agent remembers, learns from outcomes, and predicts what you need next.
What is… [+8545 chars]",2026-03-28T01:47:59.810545,2026-03-26,14,4,13,neutral
https://stackoverflow.blog/2026/03/26/coding-guidelines-for-ai-agents-and-people-too/,python programming,Stackoverflow.Blog,Ryan Donovan,Building shared coding guidelines for AI (and people too),"Coding guidelines and standards for agents need to be a little different—more explicit, demonstrative of patterns, and obvious.",https://stackoverflow.blog/2026/03/26/coding-guidelines-for-ai-agents-and-people-too/,2026-03-26 14:00:00+00:00,"As engineering organizations grow, getting everyone to work on the same software starts to get unwieldy. Everybody has their own quirks and styles, which can lead to a Tower of Babel implemented as a… [+11077 chars]",2026-03-28T01:47:59.810545,2026-03-26,14,9,18,neutral
https://pypi.org/project/phospy/,python programming,Pypi.Org,,phospy added to PyPI,Python-native implementation of selected PhosR-style phosphoproteomics workflows.,https://pypi.org/project/phospy/,2026-03-26 12:37:48+00:00,"PhosPy 1.0.0 is an unofficial Python implementation of selected PhosR-style workflows for phosphoproteomics. PhosPy is
a deliberately narrow, Python-native subset with test-backed validation at defi… [+8066 chars]",2026-03-28T01:47:59.810545,2026-03-26,12,4,7,neutral
http://www.thefutoncritic.com/news/2026/03/26/after-the-flood-returns-to-britbox-tensions-rise-in-high-stakes-season-two-premiere-362113/20260326britbox01/,python programming,Thefutoncritic.Com,,"""After the Flood"" Returns to BritBox: Tensions Rise in High-Stakes Season Two Premiere","Other April highlights include ""A Taste For Murder,"" ""Silent Witness,"" and ""Death in Paradise.""",http://www.thefutoncritic.com/news/2026/03/26/after-the-flood-returns-to-britbox-tensions-rise-in-high-stakes-season-two-premiere-362113/20260326britbox01/,2026-03-26 12:01:00+00:00,"""AFTER THE FLOOD"" RETURNS TO BRITBOX: TENSIONS RISE IN HIGH-STAKES SEASON TWO PREMIERE
Paradise turns perilous in ""A Taste for Murder,"" BritBox's new Capri-set crime thriller
·Returning for a compe… [+18871 chars]",2026-03-28T01:47:59.810545,2026-03-26,12,13,14,positive
https://news.ycombinator.com/item?id=47529281,python programming,Hacker News,CzaxTanmay,Show HN: Spectator: A Robust programming language made for Cybersecurity,"Hi HN,Spectator is a powerful and robust programming language made for cybersecurity and hacking related tasks.Why Spectator?We need to use many tools for simple tasks, Nmap for network scanning, Metasploit for payload and tools like Sherlok for OSINT. Specta…",https://news.ycombinator.com/item?id=47529281,2026-03-26 11:45:08+00:00,"Hi HN,Spectator is a powerful and robust programming language made for cybersecurity and hacking related tasks.
Why Spectator?
We need to use many tools for simple tasks, Nmap for network scanning,… [+566 chars]",2026-03-28T01:47:59.810545,2026-03-26,11,10,39,neutral
https://www.tomshardware.com/video-games/retro-gaming/enthusiast-lands-on-the-moon-using-hardware-from-the-1980s-zx-spectrum-home-computer-with-3-5-mhz-cpu-and-48kb-of-memory-power-kerbal-space-flight,python programming,Tom'S Hardware Uk,"editors@tomshardware.com (Jowi Morales) , Jowi Morales",Enthusiast ‘lands’ on the moon using hardware from the 1980s — ZX Spectrum home computer with 3.5 MHz CPU and 48KB of memory power Kerbal space flight,YouTuber Scott Manley demonstrated using a ZX Spectrum home computer launched in 1982 to land a spacecraft on the Kerbal Space Program spaceflight simulator.,https://www.tomshardware.com/video-games/retro-gaming/enthusiast-lands-on-the-moon-using-hardware-from-the-1980s-zx-spectrum-home-computer-with-3-5-mhz-cpu-and-48kb-of-memory-power-kerbal-space-flight,2026-03-26 10:00:00+00:00,"Mere weeks after successfully using a ZX Spectrum to fly a simulated spacecraft, space enthusiast and YouTuber Scott Manley have successfully “landed” on the moon using the home computer from the 198… [+3349 chars]",2026-03-28T01:47:59.810545,2026-03-26,10,27,24,neutral
https://pypi.org/project/vasprocar/1.1.20.31/,python programming,Pypi.Org,"augusto-lelis@outlook.com, renan.maciel@physics.uu.se",vasprocar 1.1.20.31,"VASProcar is an open-source package written in the Python 3 programming language, which aims to provide an intuitive tool for the post-processing of the output files produced by the DFT VASP/QE codes, through an interactive user interface.",https://pypi.org/project/vasprocar/1.1.20.31/,2026-03-26 09:53:11+00:00,"A required part of this site couldnt load. This may be due to a browser
 extension, network issues, or browser settings. Please check your
 connection, disable any ad blockers, or try using a diffe… [+12 chars]",2026-03-28T01:47:59.810545,2026-03-26,9,2,37,neutral
https://pypi.org/project/param/2.3.3a0/,python programming,Pypi.Org,developers@holoviz.org,param 2.3.3a0,Declarative parameters for robust Python classes and a rich API for reactive programming,https://pypi.org/project/param/2.3.3a0/,2026-03-26 09:18:52+00:00,"A required part of this site couldnt load. This may be due to a browser
 extension, network issues, or browser settings. Please check your
 connection, disable any ad blockers, or try using a diffe… [+12 chars]",2026-03-28T01:47:59.810545,2026-03-26,9,2,13,neutral
https://blog.europython.eu/march-newsletter-sponsorship-early-bird-ending-programme-due-soon/,python programming,Europython.Eu,Daria Linhart Grudzien,"EuroPython: March Newsletter: Sponsorship Early Bird Ending, Programme Due Soon","Hey there!  

Hope you're all having a fantastic March. We sure have been busy and we’ve got some exciting updates for you as we gear up for EuroPython 2026. This year the conference will take place in Kraków, the city of castles and dragons  Let’s dive r…",https://blog.europython.eu/march-newsletter-sponsorship-early-bird-ending-programme-due-soon/,2026-03-26 07:45:35+00:00,"Hey there!  
Hope you're all having a fantastic March. We sure have been busy and weve got some exciting updates for you as we gear up for EuroPython 2026. This year the conference will take place i… [+8363 chars]",2026-03-28T01:47:59.810545,2026-03-26,7,10,47,neutral
https://pypi.org/project/memnexus/,python programming,Pypi.Org,leeelics@example.com,memnexus added to PyPI,"Code Memory for AI Programming Tools - Persistent memory for Kimi CLI, Claude Code, and other AI coding assistants",https://pypi.org/project/memnexus/,2026-03-26 06:39:55+00:00,"English | 
Code Memory Layer - Persistent memory for AI coding assistants
Quick StartFeaturesKimi PluginDocumentation
 Overview
MemNexus provides persistent memory for AI programming tools like C… [+4394 chars]",2026-03-28T01:47:59.810545,2026-03-26,6,4,19,neutral
https://github.com/microsoft/RustTraining,python programming,Github.Com,simmoril,"Microsoft Rust Training Books: Beginner, advanced, expert level Rust training material",https://old.reddit.com/r/rust/comments/1s1vj7u/microsoft_rust_training_books_beginner_advanced/,https://github.com/microsoft/RustTraining,2026-03-26 05:47:01+00:00,"License This project is dual-licensed under the MIT License and Creative Commons Attribution 4.0 International (CC-BY-4.0).
Trademarks This project may contain trademarks or logos for projects, prod… [+4591 chars]",2026-03-28T01:47:59.810545,2026-03-26,5,11,1,neutral
https://www.c-sharpcorner.com/article/how-will-openais-acquisition-of-astral-change-modern-developer-workflows/,python programming,C-Sharpcorner.Com,noreply@c-sharpcorner.com (Riya Patel),How Will OpenAI's Acquisition of Astral Change Modern Developer Workflows?,"Explore how OpenAI's acquisition of Astral revolutionizes developer workflows! Discover AI-powered coding, faster development, & improved code quality. The future is here!",https://www.c-sharpcorner.com/article/how-will-openais-acquisition-of-astral-change-modern-developer-workflows/,2026-03-26 05:25:57+00:00,"Introduction
The world of software development is evolving rapidly with the rise of Artificial Intelligence. Developers are no longer writing every line of code manually. Instead, they are increasin… [+5983 chars]",2026-03-28T01:47:59.810545,2026-03-26,5,10,22,neutral
https://sixcolors.com/post/2026/03/how-can-siri-automate-shortcuts-when-its-so-opaque/,python programming,Sixcolors.Com,Joe Rosensteel,How can Siri automate Shortcuts when it’s so opaque?,Claude Code takes advantage of a real development environment. I’m pretty skeptical that Apple’s new Siri-wrapped Gemini will be able to accurately and reliably assist with automation. …,https://sixcolors.com/post/2026/03/how-can-siri-automate-shortcuts-when-its-so-opaque/,2026-03-25 22:18:02+00:00,"Claude Code takes advantage of a real development environment.
Im pretty skeptical that Apples new Siri-wrapped Gemini will be able to accurately and reliably assist with automation. Gemini will be … [+5523 chars]",2026-03-28T01:47:59.810545,2026-03-25,22,9,28,neutral
https://aws.amazon.com/blogs/aws/announcing-amazon-aurora-postgresql-serverless-database-creation-in-seconds/,python programming,Amazon.Com,Channy Yun (윤석찬),Announcing Amazon Aurora PostgreSQL serverless database creation in seconds,"AWS introduces a new express configuration for Amazon Aurora PostgreSQL, a streamlined database creation experience with preconfigured defaults designed to help you get started in seconds. With Aurora PostgreSQL, start building quickly from the RDS Console or…",https://aws.amazon.com/blogs/aws/announcing-amazon-aurora-postgresql-serverless-database-creation-in-seconds/,2026-03-25 20:37:11+00:00,"At re:Invent 2025, Colin Lazier, vice president of databases at AWS, emphasized the importance of building at the speed of an ideaenabling rapid progress from concept to running application. Customer… [+9034 chars]",2026-03-28T01:47:59.810545,2026-03-25,20,9,37,neutral
https://cryptoslate.com/after-a-1-2-billion-run-xrp-etfs-just-flipped-from-inflows-to-outflows/,technology,Cryptoslate,Oluwapelumi Adejumo,"After a $1.2 billion run, XRP ETFs just flipped from inflows to outflows","XRP exchange-traded funds (ETFs) are heading toward their first monthly net outflow since their late-2025 debut, breaking the momentum that helped make them one of crypto’s strongest early product launches outside Bitcoin. Data from SoSoValue showed that the …",https://cryptoslate.com/after-a-1-2-billion-run-xrp-etfs-just-flipped-from-inflows-to-outflows/,2026-03-26 21:45:21+00:00,"XRP exchange-traded funds (ETFs) are heading toward their first monthly net outflow since their late-2025 debut, breaking the momentum that helped make them one of cryptos strongest early product lau… [+7482 chars]",2026-03-28T01:48:00.070338,2026-03-26,21,13,39,neutral
https://www.theverge.com/gadgets/901792/best-robot-vacuum-mops-amazon-big-spring-sale-2026-deals,technology,The Verge,Sheena Vasani,Robot vacuums from Eufy and Roborock are over 50 percent for Amazon’s spring sale,"A good robovac can save you a surprising amount of time. Luckily, Amazon’s Big Spring Sale is a great time to pick one up, as you can currently find deals on everything from basic, budget-friendly robovacs to high-end models that can mop or pick up objects. W…",https://www.theverge.com/gadgets/901792/best-robot-vacuum-mops-amazon-big-spring-sale-2026-deals,2026-03-26 21:42:43+00:00,"A good robovac can save you a surprising amount of time. Luckily, Amazon’s Big Spring Sale is a great time to pick one up, as you can currently find deals on everything from basic, budget-friendly ro… [+7479 chars]",2026-03-28T01:48:00.070338,2026-03-26,21,14,47,neutral
https://www.pymnts.com/amazon/2026/amazon-eyes-delivery-robots-as-mit-tackles-warehouse-bottlenecks/,technology,Pymnts.Com,PYMNTS,Amazon Eyes Delivery Robots as MIT Tackles Warehouse Bottlenecks,"Amazon has spent more than a decade automating its logistics network. The company has already deployed more than 1 million robots across its operations, and its recent acquisitions have steadily extended machine capability deeper into the fulfillment stack. W…",https://www.pymnts.com/amazon/2026/amazon-eyes-delivery-robots-as-mit-tackles-warehouse-bottlenecks/,2026-03-26 21:42:02+00:00,"Amazon has spent more than a decade automating its logistics network. The company has already deployed more than 1 million robots across its operations, and its recent acquisitions have steadily exte… [+4085 chars]",2026-03-28T01:48:00.070338,2026-03-26,21,9,39,neutral
https://www.the-independent.com/life-style/pamela-anderson-ai-models-aerie-b2946588.html,technology,The-Independent.Com,Amber Raiken,Pamela Anderson’s newest venture protests AI models — and fans are thrilled,"The actor partnered with Aerie, which has vowed not to use any AI-generated imagery in its marketing",https://www.the-independent.com/life-style/pamela-anderson-ai-models-aerie-b2946588.html,2026-03-26 21:38:10+00:00,"Your support helps us to tell the story
From reproductive rights to climate change to Big Tech, The Independent is on the ground when the story is developing. Whether it's investigating the financia… [+3744 chars]",2026-03-28T01:48:00.070338,2026-03-26,21,12,17,neutral
https://post.rlsbb.to/mindseye-v6508009-rune/,technology,Rlsbb.To,OMEGA,MindsEye v6508009-RUNE,"Release Description:MindsEye CampaignMindsEye is a single-player, story-driven action-adventure thriller set in the near-future desert city of Redrock. You play as Jacob Diaz, a former soldier haunted by a mysterious implant and fractured memories. Across a c…",https://post.rlsbb.to/mindseye-v6508009-rune/,2026-03-26 21:37:35+00:00,"Release Description:MindsEye CampaignMindsEye is a single-player, story-driven action-adventure thriller set in the near-future desert city of Redrock. You play as Jacob Diaz, a former soldier haunte… [+2168 chars]",2026-03-28T01:48:00.070338,2026-03-26,21,2,36,neutral
https://insidethemagic.net/2026/03/leaked-photos-show-possible-second-park-at-shanghai-disneyland-that-looks-like-a-second-epcot-rl1/,technology,Inside The Magic,Rick Lye,"With an Anticipated Second Park Announcement Imminent, One Disney Park Appears Ready to Build a Second EPCOT","Since its grand opening in 2016, Shanghai Disneyland has defied expectations, rapidly becoming one of the most successful and technologically advanced gems in the Disney Parks portfolio. From the record-breaking heights of the Enchanted Storybook Castle to th…",https://insidethemagic.net/2026/03/leaked-photos-show-possible-second-park-at-shanghai-disneyland-that-looks-like-a-second-epcot-rl1/,2026-03-26 21:33:30+00:00,"Since its grand opening in 2016, Shanghai Disneyland has defied expectations, rapidly becoming one of the most successful and technologically advanced gems in the Disney Parks portfolio. From the rec… [+7614 chars]",2026-03-28T01:48:00.070338,2026-03-26,21,17,38,neutral
https://nypost.com/2026/03/26/shopping/review-dyson-airwrap-i-d-is-150-off-for-amazons-big-spring-sale/,technology,New York Post,Kendall Cornish,Blow $150 less on the Dyson Airwrap i.d. thanks to the Big Spring Sale,The only thing smarter than the Airwrap i.d. is buying it right now.,https://nypost.com/2026/03/26/shopping/review-dyson-airwrap-i-d-is-150-off-for-amazons-big-spring-sale/,2026-03-26 21:30:00+00:00,"The Amazon Big Spring Sale has officially delivered the holy grail of beauty deals, and its one that hair care aficionados simply cannot afford to ignore. 
For a limited time, the Dyson Airwrap i.d.… [+4049 chars]",2026-03-28T01:48:00.070338,2026-03-26,21,14,13,neutral
https://www.globenewswire.com/news-release/2026/03/26/3263483/0/en/QDRO-Acquisition-Corp-Announces-Pricing-of-200-Million-Initial-Public-Offering.html,technology,Globenewswire,QDRO Acquisition Corp.,QDRO Acquisition Corp. Announces Pricing of $200 Million Initial Public Offering,"New York, NY, March 26, 2026 (GLOBE NEWSWIRE) -- QDRO Acquisition Corp. (the “Company”), a blank check company whose business purpose is to effect a merger, amalgamation, share exchange, asset acquisition, share purchase, reorganization or similar business co…",https://www.globenewswire.com/news-release/2026/03/26/3263483/0/en/QDRO-Acquisition-Corp-Announces-Pricing-of-200-Million-Initial-Public-Offering.html,2026-03-26 21:29:00+00:00,"New York, NY, March 26, 2026 (GLOBE NEWSWIRE) -- QDRO Acquisition Corp. (the Company), a blank check company whose business purpose is to effect a merger, amalgamation, share exchange, asset acquisit… [+3539 chars]",2026-03-28T01:48:00.070338,2026-03-26,21,11,38,neutral
http://9to5toys.com/2026/03/26/mammotion-rtk-robot-lawn-mowers-at-lows-from-849/,technology,9To5Toys,Reinette LeJeune,Mammotion’s RTK robot lawn mowers are ready to take over yard work with up to 29% spring savings at lows from $849,"As part of the Amazon Big Spring Sale, Mammotion’s official storefront is getting in on the action with up to 29% savings on its robot mowers. Things start the lowest with the Mammotion YUKA mini 700 Robot Mower at $849 shipped, which parallels the alternate …",http://9to5toys.com/2026/03/26/mammotion-rtk-robot-lawn-mowers-at-lows-from-849/,2026-03-26 21:27:30+00:00,"As part of the Amazon Big Spring Sale, Mammotion’s official storefront is getting in on the action with up to 29% savings on its robot mowers. Things start the lowest with the Mammotion YUKA mini 700… [+3022 chars]",2026-03-28T01:48:00.070338,2026-03-26,21,22,46,neutral
https://www.nzherald.co.nz/the-country/news/donald-and-kirsten-watson-of-morelands-pastoral-win-auckland-ballance-farm-environment-awards-2026/R6QIHIHAEBE4BCF6UA5DOS4YS4/,technology,New Zealand Herald,The Country,Donald and Kirsten Watson of Morelands Pastoral win Auckland Ballance Farm Environment Awards 2026,The couple also invested in wetlands and tidal habitats to protect endangered bittern.,https://www.nzherald.co.nz/the-country/news/donald-and-kirsten-watson-of-morelands-pastoral-win-auckland-ballance-farm-environment-awards-2026/R6QIHIHAEBE4BCF6UA5DOS4YS4/,2026-03-26 21:21:41+00:00,"Judges praised the Watsons outstanding farming performance and use of innovation, saying they had exceptional animal health and performance across both the dairy and beef herds.
They also said that … [+3524 chars]",2026-03-28T01:48:00.070338,2026-03-26,21,14,13,positive
https://www.globenewswire.com/news-release/2026/03/26/3263476/0/en/EDS-Service-Solutions-Expands-Airport-Operations-in-Texas-to-Support-Growing-Travel-Demand.html,technology,Globenewswire,EDS Service Solutions LLC,EDS Service Solutions Expands Airport Operations in Texas to Support Growing Travel Demand,"EDS expands airport operations across Texas with Avis Budget Group, supporting travel demand with scalable workforce solutions at major airports....",https://www.globenewswire.com/news-release/2026/03/26/3263476/0/en/EDS-Service-Solutions-Expands-Airport-Operations-in-Texas-to-Support-Growing-Travel-Demand.html,2026-03-26 21:21:00+00:00,"ATLANTA, March 26, 2026 (GLOBE NEWSWIRE) -- EDS Service Solutions, a leading provider of workforce and operational solutions for the travel industry, today announced the expansion of its airport oper… [+3032 chars]",2026-03-28T01:48:00.070338,2026-03-26,21,13,20,neutral
https://www.globenewswire.com/news-release/2026/03/26/3263475/0/en/DBV-Technologies-Announces-Filing-of-2025-Annual-Report-on-Form-10-K-and-Universal-Registration-Document.html,technology,Globenewswire,DBV Technologies S.A.,DBV Technologies Announces Filing of 2025 Annual Report on Form 10-K and Universal Registration Document,"Châtillon, France, March 26, 2026   DBV Technologies Announces Filing of 2025 Annual Report on Form 10-K and Universal Registration Document  DBV...",https://www.globenewswire.com/news-release/2026/03/26/3263475/0/en/DBV-Technologies-Announces-Filing-of-2025-Annual-Report-on-Form-10-K-and-Universal-Registration-Document.html,2026-03-26 21:19:00+00:00,"Châtillon, France, March 26, 2026 
DBV Technologies Announces Filing of 2025 Annual Report on Form 10-K and Universal Registration Document
DBV Technologies (Euronext: DBV ISIN: FR0010417345 Nasdaq… [+2951 chars]",2026-03-28T01:48:00.070338,2026-03-26,21,15,21,neutral
https://financialpost.com/globe-newswire/firan-technology-group-corporation-ftg-announces-first-quarter-2026-earnings-release-and-conference-call-dates,technology,Financial Post,GlobeNewswire,Firan Technology Group Corporation (“FTG”) Announces First Quarter 2026 Earnings Release and Conference Call Dates,"TORONTO, March 26, 2026 (GLOBE NEWSWIRE) — Firan Technology Group Corporation (TSX: FTG) (OTCQX: FTGFF) (“FTG”) will release the first quarter 2026 financial results after the market closes on Wednesday, April 8, 2026. The Corporation will host a live confere…",https://financialpost.com/globe-newswire/firan-technology-group-corporation-ftg-announces-first-quarter-2026-earnings-release-and-conference-call-dates,2026-03-26 21:16:36+00:00,"TORONTO, March 26, 2026 (GLOBE NEWSWIRE) Firan Technology Group Corporation (TSX: FTG) (OTCQX: FTGFF) (FTG) will release the first quarter 2026 financial results after the market closes on Wednesday,… [+5516 chars]",2026-03-28T01:48:00.070338,2026-03-26,21,15,40,neutral
https://betalist.com/startups/proxai-logistics,startup,Betalist.Com,BetaList,ProxAI Logistics – Give your AI agents a fully autonomous API to perform real-world tasks,Give your AI agents a fully autonomous API to perform real-world tasks,https://betalist.com/startups/proxai-logistics,2026-03-26 21:10:00+00:00,"ProxAI Logistics connects AI agents to real-world logistics and field services through a fully autonomous API. It handles task discovery, cost estimates, submission, tracking, on-chain USDC payments … [+290 chars]",2026-03-28T01:48:00.323073,2026-03-26,21,15,12,neutral
https://timesofindia.indiatimes.com/business/india-business/deutsche-bank-gcc-fuels-ai-push-with-incubator/articleshow/129833899.cms,startup,The Times Of India,Mayur Shetty,Deutsche Bank GCC fuels AI push with incubator,"Deutsche Bank's Indian Global Capability Center is accelerating AI adoption with a startup-style incubator, drawing 100 ideas in its first 100 days. Employees are embracing AI transformation with less resistance than in mature markets, a cultural shift attrib…",https://timesofindia.indiatimes.com/business/india-business/deutsche-bank-gcc-fuels-ai-push-with-incubator/articleshow/129833899.cms,2026-03-26 21:04:09+00:00,EMI CalculatorDetermine the monthly installment amount for a loan,2026-03-28T01:48:00.323073,2026-03-26,21,8,38,neutral
https://pypi.org/project/kpihx-k-ai/,startup,Pypi.Org,kapoivha@gmail.com,kpihx-k-ai added to PyPI,"A next-generation, highly configurable, and user-friendly Command Line Interface for interacting with Large Language Models.",https://pypi.org/project/kpihx-k-ai/,2026-03-26 20:44:53+00:00,"k-ai is a terminal-first LLM chat system with persistent sessions, runtime transparency, live config mutation, internal tools, and a Python package API.
It is designed around one principle: the chat… [+8944 chars]",2026-03-28T01:48:00.323073,2026-03-26,20,4,15,neutral
https://www.nasa.gov/general/nasa-releases-artemis-ii-moon-mission-launch-countdown/,startup,Nasa,Lauren E. Low,NASA Releases Artemis II Moon Mission Launch Countdown,"Before NASA sends its astronauts Reid Wiseman, Victor Glover, Christina Koch, and CSA (Canadian Space Agency) astronaut Jeremy Hansen on their Artemis II mission around the Moon, the launch team at NASA’s Kennedy Space Center in Florida and teams across the c…",https://www.nasa.gov/general/nasa-releases-artemis-ii-moon-mission-launch-countdown/,2026-03-26 20:12:30+00:00,"Before NASA sends its astronauts Reid Wiseman, Victor Glover, Christina Koch, and CSA (Canadian Space Agency) astronaut Jeremy Hansen on their Artemis II mission around the Moon, the launch team at N… [+7311 chars]",2026-03-28T01:48:00.323073,2026-03-26,20,8,42,positive
https://www.nextbigfuture.com/2026/03/tesla-china-launching-sub-30000-standard-model-3-in-april-june.html,startup,Next Big Future,Brian Wang,"Tesla China Launching Sub-$30,000 Standard Model 3 in April-June","There are reports Tesla Giga Shanghai already has dedicated production lines running for the standard Model 3. This variant is the simplified, lower-cost version (smaller battery, ~480 km CLTC range) that Tesla will sell in China and export to Asia. Expected …",https://www.nextbigfuture.com/2026/03/tesla-china-launching-sub-30000-standard-model-3-in-april-june.html,2026-03-26 20:08:34+00:00,"There are reports Tesla Giga Shanghai already has dedicated production lines running for the standard Model 3. This variant is the simplified, lower-cost version (smaller battery, ~480 km CLTC range)… [+2129 chars]",2026-03-28T01:48:00.323073,2026-03-26,20,9,42,neutral
https://pypi.org/project/edm98/,startup,Pypi.Org,,edm98 added to PyPI,EDM-98 dataset package with optional EDMFormer inference tooling,https://pypi.org/project/edm98/,2026-03-26 20:08:04+00:00,"EDM-98 packages the EDM-98 dataset and an optional EDMFormer-based inference stack for local experimentation, app development, and downstream tooling.
What Is Included
<ul><li>the canonical EDM-98 … [+10016 chars]",2026-03-28T01:48:00.323073,2026-03-26,20,4,8,neutral
https://me.pcmag.com/en/ai/36208/spacex-president-uncertain-orbital-data-centers-will-actually-reach-1m-satellites,startup,Pcmag.Com,Michael Kan,SpaceX President Uncertain Orbital Data Centers Will Actually Reach 1M Satellites,"Still, Gwynne Shotwell says it's better to seek regulators' permission now, especially since rival companies are also exploring data centers in space.
Is it an orbital land grab? Or simply shooting for the moon? SpaceX President Gwynne Shotwell is indicating …",https://me.pcmag.com/en/ai/36208/spacex-president-uncertain-orbital-data-centers-will-actually-reach-1m-satellites,2026-03-26 20:00:19+00:00,"Is it an orbital land grab? Or simply shooting for the moon? 
SpaceX President Gwynne Shotwell is indicating the companys ambitious orbital data center plan might never actually reach 1 million sate… [+2964 chars]",2026-03-28T01:48:00.323073,2026-03-26,20,11,41,neutral
https://uk.pcmag.com/ai/164042/spacex-president-uncertain-orbital-data-centers-will-actually-reach-1m-satellites,startup,Pcmag.Com,Michael Kan,SpaceX President Uncertain Orbital Data Centers Will Actually Reach 1M Satellites,"Still, Gwynne Shotwell says it's better to seek regulators' permission now, especially since rival companies are also exploring data centers in space.
Is it an orbital land grab? Or simply shooting for the moon? SpaceX President Gwynne Shotwell is indicating …",https://uk.pcmag.com/ai/164042/spacex-president-uncertain-orbital-data-centers-will-actually-reach-1m-satellites,2026-03-26 20:00:19+00:00,"Is it an orbital land grab? Or simply shooting for the moon? 
SpaceX President Gwynne Shotwell is indicating the companys ambitious orbital data center plan might never actually reach 1 million sate… [+2964 chars]",2026-03-28T01:48:00.323073,2026-03-26,20,11,41,neutral
https://thenextweb.com/news/blossom-health-ai-copilot-psychiatry-funding,startup,The Next Web,Allison Steffens Herrera,Blossom Health raises $20 million to put AI copilots alongside psychiatrists,"Blossom Health, a New York-based telepsychiatry startup founded in 2024, has raised $20 million in combined seed and Series A funding to scale an AI-powered platform that pairs psychiatrists with clinical copilots and automated administrative support. The rou…",https://thenextweb.com/news/blossom-health-ai-copilot-psychiatry-funding,2026-03-26 19:42:42+00:00,"Blossom Health, a New York-based telepsychiatry startup founded in 2024, has raised $20 million in combined seed and Series A funding to scale an AI-powered platform that pairs psychiatrists with cli… [+6208 chars]",2026-03-28T01:48:00.323073,2026-03-26,19,11,38,neutral
https://techcrunch.com/2026/03/26/16-of-the-most-interesting-startups-from-yc-w26-demo-day/,startup,Techcrunch,Dominic-madori Davis,16 of the most interesting startups from YC W'26 Demo Day | TechCrunch,"From redirecting doomscrolling to training humanoid robots, these 16 startups stood out as the most interesting ones from an overflowing YC cohort.",https://techcrunch.com/2026/03/26/16-of-the-most-interesting-startups-from-yc-w26-demo-day/,2026-03-26 19:32:40+00:00,AI was once again the buzzword for this latest batch of YC Demo Day companies. Nearly 190 companies participated in Y Combinator’s Winter 26 cohort and presented their startups in a Demo Day on Tuesd… [+9478 chars],2026-03-28T01:48:00.323073,2026-03-26,19,13,22,neutral
https://www.pymnts.com/news/investment-tracker/2026/tom-bradys-emed-health-startup-scores-2-billion-valuation/,startup,Pymnts.Com,PYMNTS,Tom Brady’s eMed Health Startup Scores $2 Billion Valuation,"Miami-based, GLP-1-focused digital healthcare startup eMed is now a $2 billion-plus company. The company announced that valuation Thursday (March 26) as it completed a $200 million Series A funding round. Led by AON Consulting, the round’s investors included …",https://www.pymnts.com/news/investment-tracker/2026/tom-bradys-emed-health-startup-scores-2-billion-valuation/,2026-03-26 19:29:13+00:00,"Miami-based, GLP-1-focused digital healthcare startup eMed is now a $2 billion-plus company.The company announced that valuation Thursday (March 26) as it completed a $200 million Series A funding ro… [+2310 chars]",2026-03-28T01:48:00.323073,2026-03-26,19,9,39,neutral
https://betalist.com/startups/hushask,startup,Betalist.Com,BetaList,HushAsk – Anonymous Slack questions and feedback backed by cryptography,Anonymous Slack questions and feedback backed by cryptography,https://betalist.com/startups/hushask,2026-03-26 19:05:00+00:00,"HushAsk routes anonymous employee questions and feedback directly inside Slack, with no separate app or new login for your team. Messages go to HR privately or to a shared channel, depending on what … [+95 chars]",2026-03-28T01:48:00.323073,2026-03-26,19,10,8,neutral
https://github.com/russellromney/turbolite,startup,Github.Com,russellthehippo,Show HN: Turbolite – a SQLite VFS serving sub-250ms cold JOIN queries from S3,"I built a SQLite VFS in Rust that serves cold queries directly from S3 with sub-second performance, and often much faster.It’s called turbolite. It is experimental, buggy, and may corrupt data. I would not trust it with anything important yet.I wanted to expl…",https://github.com/russellromney/turbolite,2026-03-26 18:58:19+00:00,"turbolite is a SQLite VFS in Rust that serves point lookups and joins directly from S3 with sub-250ms cold latency.
It also offers page-level compression (zstd) and encryption (AES-256) for efficien… [+33003 chars]",2026-03-28T01:48:00.323073,2026-03-26,18,14,43,neutral
https://www.abc.net.au/news/2026-03-27/grow-inc-super-fund-admin-provider-hesta-serious-financial-woes/106358950,startup,Abc News (Au),,Superannuation giant HESTA's new admin provider on brink of collapse,Experts are concerned one of Australia's largest super funds has invested in a new admin company whose most recent financial report indicates it is insolvent.,https://www.abc.net.au/news/2026-03-27/grow-inc-super-fund-admin-provider-hesta-serious-financial-woes/106358950,2026-03-26 18:56:31+00:00,"The new administration provider for one of Australia's largest superannuation funds is on the brink of collapse, less than a year after its service agreement began.
Grow Inc, which looks after membe… [+7052 chars]",2026-03-28T01:48:00.323073,2026-03-26,18,10,25,negative
https://pypi.org/project/mcp-env-mux/,startup,Pypi.Org,raoanu2004@gmail.com,mcp-env-mux added to PyPI,Merge multiple instances of the same MCP server across environments into a single endpoint with a unified env parameter.,https://pypi.org/project/mcp-env-mux/,2026-03-26 18:51:23+00:00,"Merge multiple instances of the same MCP server across environments into a single endpoint with a unified env parameter.
Problem
When you connect the same MCP server (e.g., Coralogix, Datadog) from… [+5103 chars]",2026-03-28T01:48:00.323073,2026-03-26,18,4,19,neutral
https://www.breitbart.com/tech/2026/03/26/ai-startup-backed-by-nvidia-plans-to-take-on-chinas-deepseek/,startup,Breitbart News,Lucas Nolan,AI Startup Backed by Nvidia Plans to Take on China's DeepSeek,"Reflection, an AI startup supported by chip manufacturer Nvidia, is currently in discussions to raise $2.5 billion at a valuation of $25 billion, with plans to take on China's open source approach to artificial intelligence popularized by DeepSeek.
The post A…",https://www.breitbart.com/tech/2026/03/26/ai-startup-backed-by-nvidia-plans-to-take-on-chinas-deepseek/,2026-03-26 18:40:27+00:00,"Reflection, an AI startup supported by chip manufacturer Nvidia, is currently in discussions to raise $2.5 billion at a valuation of $25 billion, with plans to take on China’s open source approach to… [+4472 chars]",2026-03-28T01:48:00.323073,2026-03-26,18,11,41,neutral
https://techcrunch.com/2026/03/26/openai-abandons-yet-another-side-quest-chatgpts-erotic-mode/,startup,Techcrunch,Lucas Ropek,OpenAI abandons yet another side quest: ChatGPT's erotic mode | TechCrunch,It's only the latest of several side project that the AI startup has ditched over the past week.,https://techcrunch.com/2026/03/26/openai-abandons-yet-another-side-quest-chatgpts-erotic-mode/,2026-03-26 18:36:23+00:00,"OpenAI has put the kibosh on yet another project at least for the time being. On Thursday, the Financial Times reported that the AI company would be “indefinitely” pausing plans to develop an “erotic… [+2298 chars]",2026-03-28T01:48:00.323073,2026-03-26,18,11,18,neutral
https://www.macrumors.com/2026/03/26/apple-ios-27-siri-chatbot-integration/,startup,Macrumors,Juli Clover,Apple Plans to Let Rival AI Chatbots Integrate With Siri in iOS 27,"Apple plans to allow third-party AI chatbots to integrate with Siri in iOS 27, reports Bloomberg. Apple already has a partnership with OpenAI that lets ‌Siri‌ hand questions off to ChatGPT, but Apple will expand that integration to other companies like Google…",https://www.macrumors.com/2026/03/26/apple-ios-27-siri-chatbot-integration/,2026-03-26 18:36:01+00:00,"Apple plans to allow third-party AI chatbots to integrate with Siri in iOS 27, reports Bloomberg. Apple already has a partnership with OpenAI that lets ‌Siri‌ hand questions off to ChatGPT, but Apple… [+2069 chars]",2026-03-28T01:48:00.323073,2026-03-26,18,13,42,neutral
